0000,　,8140
0100,、,8141
0200,。,8142
0300,，,8143
0400,．,8144
0500,・,8145
0600,：,8146
0700,；,8147
0800,？,8148
0900,！,8149
0A00,゛,814A
0B00,゜,814B
0C00,´,814C
0D00,｀,814D
0E00,¨,814E
0F00,＾,814F
1000,￣,8150
1100,＿,8151
1200,ヽ,8152
1300,ヾ,8153
1400,ゝ,8154
1500,ゞ,8155
1600,〃,8156
1700,仝,8157
1800,々,8158
1900,〆,8159
1A00,〇,815A
1B00,ー,815B
1C00,―,815C
1D00,‐,815D
1E00,／,815E
1F00,＼,815F
2000,～,8160
2100,∥,8161
2200,｜,8162
2300,…,8163
2400,‥,8164
2500,‘,8165
2600,’,8166
2700,“,8167
2800,”,8168
2900,（,8169
2A00,）,816A
2B00,〔,816B
2C00,〕,816C
2D00,［,816D
2E00,］,816E
2F00,｛,816F
3000,｝,8170
3100,〈,8171
3200,〉,8172
3300,《,8173
3400,》,8174
3500,「,8175
3600,」,8176
3700,『,8177
3800,』,8178
3900,【,8179
3A00,】,817A
3B00,＋,817B
3C00,－,817C
3D00,±,817D
3E00,×,817E
3F00,÷,8180
4000,＝,8181
4100,≠,8182
4200,＜,8183
4300,＞,8184
4400,≦,8185
4500,≧,8186
4600,∞,8187
4700,∴,8188
4800,♂,8189
4900,♀,818A
4A00,°,818B
4B00,′,818C
4C00,″,818D
4D00,℃,818E
4E00,￥,818F
4F00,＄,8190
5000,￠,8191
5100,￡,8192
5200,％,8193
5300,＃,8194
5400,＆,8195
5500,＊,8196
5600,＠,8197
5700,§,8198
5800,☆,8199
5900,★,819A
5A00,○,819B
5B00,●,819C
5C00,◎,819D
5D00,◇,819E
5E00,◆,819F
5F00,□,81A0
6000,■,81A1
6100,△,81A2
6200,▲,81A3
6300,▽,81A4
6400,▼,81A5
6500,※,81A6
6600,〒,81A7
6700,→,81A8
6800,←,81A9
6900,↑,81AA
6A00,↓,81AB
6B00,〓,81AC
6C00,∈,81B8
6D00,∋,81B9
6E00,⊆,81BA
6F00,⊇,81BB
7000,⊂,81BC
7100,⊃,81BD
7200,∪,81BE
7300,∩,81BF
7400,∧,81C8
7500,∨,81C9
7600,￢,81CA
7700,⇒,81CB
7800,⇔,81CC
7900,∀,81CD
7A00,∃,81CE
7B00,∠,81DA
7C00,⊥,81DB
7D00,⌒,81DC
7E00,∂,81DD
7F00,∇,81DE
8000,≡,81DF
8100,≒,81E0
8200,≪,81E1
8300,≫,81E2
8400,√,81E3
8500,∽,81E4
8600,∝,81E5
8700,∵,81E6
8800,∫,81E7
8900,∬,81E8
8A00,Å,81F0
8B00,‰,81F1
8C00,♯,81F2
8D00,♭,81F3
8E00,♪,81F4
8F00,†,81F5
9000,‡,81F6
9100,¶,81F7
9200,０,824F
9300,１,8250
9400,２,8251
9500,３,8252
9600,４,8253
9700,５,8254
9800,６,8255
9900,７,8256
9A00,８,8257
9B00,９,8258
9C00,Ａ,8260
9D00,Ｂ,8261
9E00,Ｃ,8262
9F00,Ｄ,8263
A000,Ｅ,8264
A100,Ｆ,8265
A200,Ｇ,8266
A300,Ｈ,8267
A400,Ｉ,8268
A500,Ｊ,8269
A600,Ｋ,826A
A700,Ｌ,826B
A800,Ｍ,826C
A900,Ｎ,826D
AA00,Ｏ,826E
AB00,Ｐ,826F
AC00,Ｑ,8270
AD00,Ｒ,8271
AE00,Ｓ,8272
AF00,Ｔ,8273
B000,Ｕ,8274
B100,Ｖ,8275
B200,Ｗ,8276
B300,Ｘ,8277
B400,Ｙ,8278
B500,Ｚ,8279
B600,ａ,8281
B700,ｂ,8282
B800,ｃ,8283
B900,ｄ,8284
BA00,ｅ,8285
BB00,ｆ,8286
BC00,ｇ,8287
BD00,ｈ,8288
BE00,ｉ,8289
BF00,ｊ,828A
C000,ｋ,828B
C100,ｌ,828C
C200,ｍ,828D
C300,ｎ,828E
C400,ｏ,828F
C500,ｐ,8290
C600,ｑ,8291
C700,ｒ,8292
C800,ｓ,8293
C900,ｔ,8294
CA00,ｕ,8295
CB00,ｖ,8296
CC00,ｗ,8297
CD00,ｘ,8298
CE00,ｙ,8299
CF00,ｚ,829A
D000,ぁ,829F
D100,あ,82A0
D200,ぃ,82A1
D300,い,82A2
D400,ぅ,82A3
D500,う,82A4
D600,ぇ,82A5
D700,え,82A6
D800,ぉ,82A7
D900,お,82A8
DA00,か,82A9
DB00,が,82AA
DC00,き,82AB
DD00,ぎ,82AC
DE00,く,82AD
DF00,ぐ,82AE
E000,け,82AF
E100,げ,82B0
E200,こ,82B1
E300,ご,82B2
E400,さ,82B3
E500,ざ,82B4
E600,し,82B5
E700,じ,82B6
E800,す,82B7
E900,ず,82B8
EA00,せ,82B9
EB00,ぜ,82BA
EC00,そ,82BB
ED00,ぞ,82BC
EE00,た,82BD
EF00,だ,82BE
F000,ち,82BF
F100,ぢ,82C0
F200,っ,82C1
F300,つ,82C2
F400,づ,82C3
F500,て,82C4
F600,で,82C5
F700,と,82C6
F800,ど,82C7
F900,な,82C8
FA00,に,82C9
FB00,ぬ,82CA
FC00,ね,82CB
FD00,の,82CC
FE00,は,82CD
FF00,ば,82CE
0001,ぱ,82CF
0101,ひ,82D0
0201,び,82D1
0301,ぴ,82D2
0401,ふ,82D3
0501,ぶ,82D4
0601,ぷ,82D5
0701,へ,82D6
0801,べ,82D7
0901,ぺ,82D8
0A01,ほ,82D9
0B01,ぼ,82DA
0C01,ぽ,82DB
0D01,ま,82DC
0E01,み,82DD
0F01,む,82DE
1001,め,82DF
1101,も,82E0
1201,ゃ,82E1
1301,や,82E2
1401,ゅ,82E3
1501,ゆ,82E4
1601,ょ,82E5
1701,よ,82E6
1801,ら,82E7
1901,り,82E8
1A01,る,82E9
1B01,れ,82EA
1C01,ろ,82EB
1D01,ゎ,82EC
1E01,わ,82ED
1F01,ゐ,82EE
2001,ゑ,82EF
2101,を,82F0
2201,ん,82F1
2301,ァ,8340
2401,ア,8341
2501,ィ,8342
2601,イ,8343
2701,ゥ,8344
2801,ウ,8345
2901,ェ,8346
2A01,エ,8347
2B01,ォ,8348
2C01,オ,8349
2D01,カ,834A
2E01,ガ,834B
2F01,キ,834C
3001,ギ,834D
3101,ク,834E
3201,グ,834F
3301,ケ,8350
3401,ゲ,8351
3501,コ,8352
3601,ゴ,8353
3701,サ,8354
3801,ザ,8355
3901,シ,8356
3A01,ジ,8357
3B01,ス,8358
3C01,ズ,8359
3D01,セ,835A
3E01,ゼ,835B
3F01,ソ,835C
4001,ゾ,835D
4101,タ,835E
4201,ダ,835F
4301,チ,8360
4401,ヂ,8361
4501,ッ,8362
4601,ツ,8363
4701,ヅ,8364
4801,テ,8365
4901,デ,8366
4A01,ト,8367
4B01,ド,8368
4C01,ナ,8369
4D01,ニ,836A
4E01,ヌ,836B
4F01,ネ,836C
5001,ノ,836D
5101,ハ,836E
5201,バ,836F
5301,パ,8370
5401,ヒ,8371
5501,ビ,8372
5601,ピ,8373
5701,フ,8374
5801,ブ,8375
5901,プ,8376
5A01,ヘ,8377
5B01,ベ,8378
5C01,ペ,8379
5D01,ホ,837A
5E01,ボ,837B
5F01,ポ,837C
6001,マ,837D
6101,ミ,837E
6201,ム,8380
6301,メ,8381
6401,モ,8382
6501,ャ,8383
6601,ヤ,8384
6701,ュ,8385
6801,ユ,8386
6901,ョ,8387
6A01,ヨ,8388
6B01,ラ,8389
6C01,リ,838A
6D01,ル,838B
6E01,レ,838C
6F01,ロ,838D
7001,ヮ,838E
7101,ワ,838F
7201,ヰ,8390
7301,ヱ,8391
7401,ヲ,8392
7501,ン,8393
7601,ヴ,8394
7701,ヵ,8395
7801,ヶ,8396
7901,Α,839F
7A01,Β,83A0
7B01,Γ,83A1
7C01,Δ,83A2
7D01,Ε,83A3
7E01,Ζ,83A4
7F01,Η,83A5
8001,Θ,83A6
8101,Ι,83A7
8201,Κ,83A8
8301,Λ,83A9
8401,Μ,83AA
8501,Ν,83AB
8601,Ξ,83AC
8701,Ο,83AD
8801,Π,83AE
8901,Ρ,83AF
8A01,Σ,83B0
8B01,Τ,83B1
8C01,Υ,83B2
8D01,Φ,83B3
8E01,Χ,83B4
8F01,Ψ,83B5
9001,Ω,83B6
9101,α,83BF
9201,β,83C0
9301,γ,83C1
9401,δ,83C2
9501,ε,83C3
9601,ζ,83C4
9701,η,83C5
9801,θ,83C6
9901,ι,83C7
9A01,κ,83C8
9B01,λ,83C9
9C01,μ,83CA
9D01,ν,83CB
9E01,ξ,83CC
9F01,ο,83CD
A001,π,83CE
A101,ρ,83CF
A201,σ,83D0
A301,τ,83D1
A401,υ,83D2
A501,φ,83D3
A601,χ,83D4
A701,ψ,83D5
A801,ω,83D6
A901,А,8440
AA01,Б,8441
AB01,В,8442
AC01,Г,8443
AD01,Д,8444
AE01,Е,8445
AF01,Ё,8446
B001,Ж,8447
B101,З,8448
B201,И,8449
B301,Й,844A
B401,К,844B
B501,Л,844C
B601,М,844D
B701,Н,844E
B801,О,844F
B901,П,8450
BA01,Р,8451
BB01,С,8452
BC01,Т,8453
BD01,У,8454
BE01,Ф,8455
BF01,Х,8456
C001,Ц,8457
C101,Ч,8458
C201,Ш,8459
C301,Щ,845A
C401,Ъ,845B
C501,Ы,845C
C601,Ь,845D
C701,Э,845E
C801,Ю,845F
C901,Я,8460
CA01,а,8470
CB01,б,8471
CC01,в,8472
CD01,г,8473
CE01,д,8474
CF01,е,8475
D001,ё,8476
D101,ж,8477
D201,з,8478
D301,и,8479
D401,й,847A
D501,к,847B
D601,л,847C
D701,м,847D
D801,н,847E
D901,о,8480
DA01,п,8481
DB01,р,8482
DC01,с,8483
DD01,т,8484
DE01,у,8485
DF01,ф,8486
E001,х,8487
E101,ц,8488
E201,ч,8489
E301,ш,848A
E401,щ,848B
E501,ъ,848C
E601,ы,848D
E701,ь,848E
E801,э,848F
E901,ю,8490
EA01,я,8491
EB01,亜,889F
EC01,唖,88A0
ED01,娃,88A1
EE01,阿,88A2
EF01,哀,88A3
F001,愛,88A4
F101,挨,88A5
F201,姶,88A6
F301,逢,88A7
F401,葵,88A8
F501,茜,88A9
F601,穐,88AA
F701,悪,88AB
F801,握,88AC
F901,渥,88AD
FA01,旭,88AE
FB01,葦,88AF
FC01,芦,88B0
FD01,鯵,88B1
FE01,梓,88B2
FF01,圧,88B3
0002,斡,88B4
0102,扱,88B5
0202,宛,88B6
0302,姐,88B7
0402,虻,88B8
0502,飴,88B9
0602,絢,88BA
0702,綾,88BB
0802,鮎,88BC
0902,或,88BD
0A02,粟,88BE
0B02,袷,88BF
0C02,安,88C0
0D02,庵,88C1
0E02,按,88C2
0F02,暗,88C3
1002,案,88C4
1102,闇,88C5
1202,鞍,88C6
1302,杏,88C7
1402,以,88C8
1502,伊,88C9
1602,位,88CA
1702,依,88CB
1802,偉,88CC
1902,囲,88CD
1A02,夷,88CE
1B02,委,88CF
1C02,威,88D0
1D02,尉,88D1
1E02,惟,88D2
1F02,意,88D3
2002,慰,88D4
2102,易,88D5
2202,椅,88D6
2302,為,88D7
2402,畏,88D8
2502,異,88D9
2602,移,88DA
2702,維,88DB
2802,緯,88DC
2902,胃,88DD
2A02,萎,88DE
2B02,衣,88DF
2C02,謂,88E0
2D02,違,88E1
2E02,遺,88E2
2F02,医,88E3
3002,井,88E4
3102,亥,88E5
3202,域,88E6
3302,育,88E7
3402,郁,88E8
3502,磯,88E9
3602,一,88EA
3702,壱,88EB
3802,溢,88EC
3902,逸,88ED
3A02,稲,88EE
3B02,茨,88EF
3C02,芋,88F0
3D02,鰯,88F1
3E02,允,88F2
3F02,印,88F3
4002,咽,88F4
4102,員,88F5
4202,因,88F6
4302,姻,88F7
4402,引,88F8
4502,飲,88F9
4602,淫,88FA
4702,胤,88FB
4802,蔭,88FC
4902,院,8940
4A02,陰,8941
4B02,隠,8942
4C02,韻,8943
4D02,吋,8944
4E02,右,8945
4F02,宇,8946
5002,烏,8947
5102,羽,8948
5202,迂,8949
5302,雨,894A
5402,卯,894B
5502,鵜,894C
5602,窺,894D
5702,丑,894E
5802,碓,894F
5902,臼,8950
5A02,渦,8951
5B02,嘘,8952
5C02,唄,8953
5D02,欝,8954
5E02,蔚,8955
5F02,鰻,8956
6002,姥,8957
6102,厩,8958
6202,浦,8959
6302,瓜,895A
6402,閏,895B
6502,噂,895C
6602,云,895D
6702,運,895E
6802,雲,895F
6902,荏,8960
6A02,餌,8961
6B02,叡,8962
6C02,営,8963
6D02,嬰,8964
6E02,影,8965
6F02,映,8966
7002,曳,8967
7102,栄,8968
7202,永,8969
7302,泳,896A
7402,洩,896B
7502,瑛,896C
7602,盈,896D
7702,穎,896E
7802,頴,896F
7902,英,8970
7A02,衛,8971
7B02,詠,8972
7C02,鋭,8973
7D02,液,8974
7E02,疫,8975
7F02,益,8976
8002,駅,8977
8102,悦,8978
8202,謁,8979
8302,越,897A
8402,閲,897B
8502,榎,897C
8602,厭,897D
8702,円,897E
8802,園,8980
8902,堰,8981
8A02,奄,8982
8B02,宴,8983
8C02,延,8984
8D02,怨,8985
8E02,掩,8986
8F02,援,8987
9002,沿,8988
9102,演,8989
9202,炎,898A
9302,焔,898B
9402,煙,898C
9502,燕,898D
9602,猿,898E
9702,縁,898F
9802,艶,8990
9902,苑,8991
9A02,薗,8992
9B02,遠,8993
9C02,鉛,8994
9D02,鴛,8995
9E02,塩,8996
9F02,於,8997
A002,汚,8998
A102,甥,8999
A202,凹,899A
A302,央,899B
A402,奥,899C
A502,往,899D
A602,応,899E
A702,押,899F
A802,旺,89A0
A902,横,89A1
AA02,欧,89A2
AB02,殴,89A3
AC02,王,89A4
AD02,翁,89A5
AE02,襖,89A6
AF02,鴬,89A7
B002,鴎,89A8
B102,黄,89A9
B202,岡,89AA
B302,沖,89AB
B402,荻,89AC
B502,億,89AD
B602,屋,89AE
B702,憶,89AF
B802,臆,89B0
B902,桶,89B1
BA02,牡,89B2
BB02,乙,89B3
BC02,俺,89B4
BD02,卸,89B5
BE02,恩,89B6
BF02,温,89B7
C002,穏,89B8
C102,音,89B9
C202,下,89BA
C302,化,89BB
C402,仮,89BC
C502,何,89BD
C602,伽,89BE
C702,価,89BF
C802,佳,89C0
C902,加,89C1
CA02,可,89C2
CB02,嘉,89C3
CC02,夏,89C4
CD02,嫁,89C5
CE02,家,89C6
CF02,寡,89C7
D002,科,89C8
D102,暇,89C9
D202,果,89CA
D302,架,89CB
D402,歌,89CC
D502,河,89CD
D602,火,89CE
D702,珂,89CF
D802,禍,89D0
D902,禾,89D1
DA02,稼,89D2
DB02,箇,89D3
DC02,花,89D4
DD02,苛,89D5
DE02,茄,89D6
DF02,荷,89D7
E002,華,89D8
E102,菓,89D9
E202,蝦,89DA
E302,課,89DB
E402,嘩,89DC
E502,貨,89DD
E602,迦,89DE
E702,過,89DF
E802,霞,89E0
E902,蚊,89E1
EA02,俄,89E2
EB02,峨,89E3
EC02,我,89E4
ED02,牙,89E5
EE02,画,89E6
EF02,臥,89E7
F002,芽,89E8
F102,蛾,89E9
F202,賀,89EA
F302,雅,89EB
F402,餓,89EC
F502,駕,89ED
F602,介,89EE
F702,会,89EF
F802,解,89F0
F902,回,89F1
FA02,塊,89F2
FB02,壊,89F3
FC02,廻,89F4
FD02,快,89F5
FE02,怪,89F6
FF02,悔,89F7
0003,恢,89F8
0103,懐,89F9
0203,戒,89FA
0303,拐,89FB
0403,改,89FC
0503,魁,8A40
0603,晦,8A41
0703,械,8A42
0803,海,8A43
0903,灰,8A44
0A03,界,8A45
0B03,皆,8A46
0C03,絵,8A47
0D03,芥,8A48
0E03,蟹,8A49
0F03,開,8A4A
1003,階,8A4B
1103,貝,8A4C
1203,凱,8A4D
1303,劾,8A4E
1403,外,8A4F
1503,咳,8A50
1603,害,8A51
1703,崖,8A52
1803,慨,8A53
1903,概,8A54
1A03,涯,8A55
1B03,碍,8A56
1C03,蓋,8A57
1D03,街,8A58
1E03,該,8A59
1F03,鎧,8A5A
2003,骸,8A5B
2103,浬,8A5C
2203,馨,8A5D
2303,蛙,8A5E
2403,垣,8A5F
2503,柿,8A60
2603,蛎,8A61
2703,鈎,8A62
2803,劃,8A63
2903,嚇,8A64
2A03,各,8A65
2B03,廓,8A66
2C03,拡,8A67
2D03,撹,8A68
2E03,格,8A69
2F03,核,8A6A
3003,殻,8A6B
3103,獲,8A6C
3203,確,8A6D
3303,穫,8A6E
3403,覚,8A6F
3503,角,8A70
3603,赫,8A71
3703,較,8A72
3803,郭,8A73
3903,閣,8A74
3A03,隔,8A75
3B03,革,8A76
3C03,学,8A77
3D03,岳,8A78
3E03,楽,8A79
3F03,額,8A7A
4003,顎,8A7B
4103,掛,8A7C
4203,笠,8A7D
4303,樫,8A7E
4403,橿,8A80
4503,梶,8A81
4603,鰍,8A82
4703,潟,8A83
4803,割,8A84
4903,喝,8A85
4A03,恰,8A86
4B03,括,8A87
4C03,活,8A88
4D03,渇,8A89
4E03,滑,8A8A
4F03,葛,8A8B
5003,褐,8A8C
5103,轄,8A8D
5203,且,8A8E
5303,鰹,8A8F
5403,叶,8A90
5503,椛,8A91
5603,樺,8A92
5703,鞄,8A93
5803,株,8A94
5903,兜,8A95
5A03,竃,8A96
5B03,蒲,8A97
5C03,釜,8A98
5D03,鎌,8A99
5E03,噛,8A9A
5F03,鴨,8A9B
6003,栢,8A9C
6103,茅,8A9D
6203,萱,8A9E
6303,粥,8A9F
6403,刈,8AA0
6503,苅,8AA1
6603,瓦,8AA2
6703,乾,8AA3
6803,侃,8AA4
6903,冠,8AA5
6A03,寒,8AA6
6B03,刊,8AA7
6C03,勘,8AA8
6D03,勧,8AA9
6E03,巻,8AAA
6F03,喚,8AAB
7003,堪,8AAC
7103,姦,8AAD
7203,完,8AAE
7303,官,8AAF
7403,寛,8AB0
7503,干,8AB1
7603,幹,8AB2
7703,患,8AB3
7803,感,8AB4
7903,慣,8AB5
7A03,憾,8AB6
7B03,換,8AB7
7C03,敢,8AB8
7D03,柑,8AB9
7E03,桓,8ABA
7F03,棺,8ABB
8003,款,8ABC
8103,歓,8ABD
8203,汗,8ABE
8303,漢,8ABF
8403,澗,8AC0
8503,潅,8AC1
8603,環,8AC2
8703,甘,8AC3
8803,監,8AC4
8903,看,8AC5
8A03,竿,8AC6
8B03,管,8AC7
8C03,簡,8AC8
8D03,緩,8AC9
8E03,缶,8ACA
8F03,翰,8ACB
9003,肝,8ACC
9103,艦,8ACD
9203,莞,8ACE
9303,観,8ACF
9403,諌,8AD0
9503,貫,8AD1
9603,還,8AD2
9703,鑑,8AD3
9803,間,8AD4
9903,閑,8AD5
9A03,関,8AD6
9B03,陥,8AD7
9C03,韓,8AD8
9D03,館,8AD9
9E03,舘,8ADA
9F03,丸,8ADB
A003,含,8ADC
A103,岸,8ADD
A203,巌,8ADE
A303,玩,8ADF
A403,癌,8AE0
A503,眼,8AE1
A603,岩,8AE2
A703,翫,8AE3
A803,贋,8AE4
A903,雁,8AE5
AA03,頑,8AE6
AB03,顔,8AE7
AC03,願,8AE8
AD03,企,8AE9
AE03,伎,8AEA
AF03,危,8AEB
B003,喜,8AEC
B103,器,8AED
B203,基,8AEE
B303,奇,8AEF
B403,嬉,8AF0
B503,寄,8AF1
B603,岐,8AF2
B703,希,8AF3
B803,幾,8AF4
B903,忌,8AF5
BA03,揮,8AF6
BB03,机,8AF7
BC03,旗,8AF8
BD03,既,8AF9
BE03,期,8AFA
BF03,棋,8AFB
C003,棄,8AFC
C103,機,8B40
C203,帰,8B41
C303,毅,8B42
C403,気,8B43
C503,汽,8B44
C603,畿,8B45
C703,祈,8B46
C803,季,8B47
C903,稀,8B48
CA03,紀,8B49
CB03,徽,8B4A
CC03,規,8B4B
CD03,記,8B4C
CE03,貴,8B4D
CF03,起,8B4E
D003,軌,8B4F
D103,輝,8B50
D203,飢,8B51
D303,騎,8B52
D403,鬼,8B53
D503,亀,8B54
D603,偽,8B55
D703,儀,8B56
D803,妓,8B57
D903,宜,8B58
DA03,戯,8B59
DB03,技,8B5A
DC03,擬,8B5B
DD03,欺,8B5C
DE03,犠,8B5D
DF03,疑,8B5E
E003,祇,8B5F
E103,義,8B60
E203,蟻,8B61
E303,誼,8B62
E403,議,8B63
E503,掬,8B64
E603,菊,8B65
E703,鞠,8B66
E803,吉,8B67
E903,吃,8B68
EA03,喫,8B69
EB03,桔,8B6A
EC03,橘,8B6B
ED03,詰,8B6C
EE03,砧,8B6D
EF03,杵,8B6E
F003,黍,8B6F
F103,却,8B70
F203,客,8B71
F303,脚,8B72
F403,虐,8B73
F503,逆,8B74
F603,丘,8B75
F703,久,8B76
F803,仇,8B77
F903,休,8B78
FA03,及,8B79
FB03,吸,8B7A
FC03,宮,8B7B
FD03,弓,8B7C
FE03,急,8B7D
FF03,救,8B7E
0004,朽,8B80
0104,求,8B81
0204,汲,8B82
0304,泣,8B83
0404,灸,8B84
0504,球,8B85
0604,究,8B86
0704,窮,8B87
0804,笈,8B88
0904,級,8B89
0A04,糾,8B8A
0B04,給,8B8B
0C04,旧,8B8C
0D04,牛,8B8D
0E04,去,8B8E
0F04,居,8B8F
1004,巨,8B90
1104,拒,8B91
1204,拠,8B92
1304,挙,8B93
1404,渠,8B94
1504,虚,8B95
1604,許,8B96
1704,距,8B97
1804,鋸,8B98
1904,漁,8B99
1A04,禦,8B9A
1B04,魚,8B9B
1C04,亨,8B9C
1D04,享,8B9D
1E04,京,8B9E
1F04,供,8B9F
2004,侠,8BA0
2104,僑,8BA1
2204,兇,8BA2
2304,競,8BA3
2404,共,8BA4
2504,凶,8BA5
2604,協,8BA6
2704,匡,8BA7
2804,卿,8BA8
2904,叫,8BA9
2A04,喬,8BAA
2B04,境,8BAB
2C04,峡,8BAC
2D04,強,8BAD
2E04,彊,8BAE
2F04,怯,8BAF
3004,恐,8BB0
3104,恭,8BB1
3204,挟,8BB2
3304,教,8BB3
3404,橋,8BB4
3504,況,8BB5
3604,狂,8BB6
3704,狭,8BB7
3804,矯,8BB8
3904,胸,8BB9
3A04,脅,8BBA
3B04,興,8BBB
3C04,蕎,8BBC
3D04,郷,8BBD
3E04,鏡,8BBE
3F04,響,8BBF
4004,饗,8BC0
4104,驚,8BC1
4204,仰,8BC2
4304,凝,8BC3
4404,尭,8BC4
4504,暁,8BC5
4604,業,8BC6
4704,局,8BC7
4804,曲,8BC8
4904,極,8BC9
4A04,玉,8BCA
4B04,桐,8BCB
4C04,粁,8BCC
4D04,僅,8BCD
4E04,勤,8BCE
4F04,均,8BCF
5004,巾,8BD0
5104,錦,8BD1
5204,斤,8BD2
5304,欣,8BD3
5404,欽,8BD4
5504,琴,8BD5
5604,禁,8BD6
5704,禽,8BD7
5804,筋,8BD8
5904,緊,8BD9
5A04,芹,8BDA
5B04,菌,8BDB
5C04,衿,8BDC
5D04,襟,8BDD
5E04,謹,8BDE
5F04,近,8BDF
6004,金,8BE0
6104,吟,8BE1
6204,銀,8BE2
6304,九,8BE3
6404,倶,8BE4
6504,句,8BE5
6604,区,8BE6
6704,狗,8BE7
6804,玖,8BE8
6904,矩,8BE9
6A04,苦,8BEA
6B04,躯,8BEB
6C04,駆,8BEC
6D04,駈,8BED
6E04,駒,8BEE
6F04,具,8BEF
7004,愚,8BF0
7104,虞,8BF1
7204,喰,8BF2
7304,空,8BF3
7404,偶,8BF4
7504,寓,8BF5
7604,遇,8BF6
7704,隅,8BF7
7804,串,8BF8
7904,櫛,8BF9
7A04,釧,8BFA
7B04,屑,8BFB
7C04,屈,8BFC
7D04,掘,8C40
7E04,窟,8C41
7F04,沓,8C42
8004,靴,8C43
8104,轡,8C44
8204,窪,8C45
8304,熊,8C46
8404,隈,8C47
8504,粂,8C48
8604,栗,8C49
8704,繰,8C4A
8804,桑,8C4B
8904,鍬,8C4C
8A04,勲,8C4D
8B04,君,8C4E
8C04,薫,8C4F
8D04,訓,8C50
8E04,群,8C51
8F04,軍,8C52
9004,郡,8C53
9104,卦,8C54
9204,袈,8C55
9304,祁,8C56
9404,係,8C57
9504,傾,8C58
9604,刑,8C59
9704,兄,8C5A
9804,啓,8C5B
9904,圭,8C5C
9A04,珪,8C5D
9B04,型,8C5E
9C04,契,8C5F
9D04,形,8C60
9E04,径,8C61
9F04,恵,8C62
A004,慶,8C63
A104,慧,8C64
A204,憩,8C65
A304,掲,8C66
A404,携,8C67
A504,敬,8C68
A604,景,8C69
A704,桂,8C6A
A804,渓,8C6B
A904,畦,8C6C
AA04,稽,8C6D
AB04,系,8C6E
AC04,経,8C6F
AD04,継,8C70
AE04,繋,8C71
AF04,罫,8C72
B004,茎,8C73
B104,荊,8C74
B204,蛍,8C75
B304,計,8C76
B404,詣,8C77
B504,警,8C78
B604,軽,8C79
B704,頚,8C7A
B804,鶏,8C7B
B904,芸,8C7C
BA04,迎,8C7D
BB04,鯨,8C7E
BC04,劇,8C80
BD04,戟,8C81
BE04,撃,8C82
BF04,激,8C83
C004,隙,8C84
C104,桁,8C85
C204,傑,8C86
C304,欠,8C87
C404,決,8C88
C504,潔,8C89
C604,穴,8C8A
C704,結,8C8B
C804,血,8C8C
C904,訣,8C8D
CA04,月,8C8E
CB04,件,8C8F
CC04,倹,8C90
CD04,倦,8C91
CE04,健,8C92
CF04,兼,8C93
D004,券,8C94
D104,剣,8C95
D204,喧,8C96
D304,圏,8C97
D404,堅,8C98
D504,嫌,8C99
D604,建,8C9A
D704,憲,8C9B
D804,懸,8C9C
D904,拳,8C9D
DA04,捲,8C9E
DB04,検,8C9F
DC04,権,8CA0
DD04,牽,8CA1
DE04,犬,8CA2
DF04,献,8CA3
E004,研,8CA4
E104,硯,8CA5
E204,絹,8CA6
E304,県,8CA7
E404,肩,8CA8
E504,見,8CA9
E604,謙,8CAA
E704,賢,8CAB
E804,軒,8CAC
E904,遣,8CAD
EA04,鍵,8CAE
EB04,険,8CAF
EC04,顕,8CB0
ED04,験,8CB1
EE04,鹸,8CB2
EF04,元,8CB3
F004,原,8CB4
F104,厳,8CB5
F204,幻,8CB6
F304,弦,8CB7
F404,減,8CB8
F504,源,8CB9
F604,玄,8CBA
F704,現,8CBB
F804,絃,8CBC
F904,舷,8CBD
FA04,言,8CBE
FB04,諺,8CBF
FC04,限,8CC0
FD04,乎,8CC1
FE04,個,8CC2
FF04,古,8CC3
0005,呼,8CC4
0105,固,8CC5
0205,姑,8CC6
0305,孤,8CC7
0405,己,8CC8
0505,庫,8CC9
0605,弧,8CCA
0705,戸,8CCB
0805,故,8CCC
0905,枯,8CCD
0A05,湖,8CCE
0B05,狐,8CCF
0C05,糊,8CD0
0D05,袴,8CD1
0E05,股,8CD2
0F05,胡,8CD3
1005,菰,8CD4
1105,虎,8CD5
1205,誇,8CD6
1305,跨,8CD7
1405,鈷,8CD8
1505,雇,8CD9
1605,顧,8CDA
1705,鼓,8CDB
1805,五,8CDC
1905,互,8CDD
1A05,伍,8CDE
1B05,午,8CDF
1C05,呉,8CE0
1D05,吾,8CE1
1E05,娯,8CE2
1F05,後,8CE3
2005,御,8CE4
2105,悟,8CE5
2205,梧,8CE6
2305,檎,8CE7
2405,瑚,8CE8
2505,碁,8CE9
2605,語,8CEA
2705,誤,8CEB
2805,護,8CEC
2905,醐,8CED
2A05,乞,8CEE
2B05,鯉,8CEF
2C05,交,8CF0
2D05,佼,8CF1
2E05,侯,8CF2
2F05,候,8CF3
3005,倖,8CF4
3105,光,8CF5
3205,公,8CF6
3305,功,8CF7
3405,効,8CF8
3505,勾,8CF9
3605,厚,8CFA
3705,口,8CFB
3805,向,8CFC
3905,后,8D40
3A05,喉,8D41
3B05,坑,8D42
3C05,垢,8D43
3D05,好,8D44
3E05,孔,8D45
3F05,孝,8D46
4005,宏,8D47
4105,工,8D48
4205,巧,8D49
4305,巷,8D4A
4405,幸,8D4B
4505,広,8D4C
4605,庚,8D4D
4705,康,8D4E
4805,弘,8D4F
4905,恒,8D50
4A05,慌,8D51
4B05,抗,8D52
4C05,拘,8D53
4D05,控,8D54
4E05,攻,8D55
4F05,昂,8D56
5005,晃,8D57
5105,更,8D58
5205,杭,8D59
5305,校,8D5A
5405,梗,8D5B
5505,構,8D5C
5605,江,8D5D
5705,洪,8D5E
5805,浩,8D5F
5905,港,8D60
5A05,溝,8D61
5B05,甲,8D62
5C05,皇,8D63
5D05,硬,8D64
5E05,稿,8D65
5F05,糠,8D66
6005,紅,8D67
6105,紘,8D68
6205,絞,8D69
6305,綱,8D6A
6405,耕,8D6B
6505,考,8D6C
6605,肯,8D6D
6705,肱,8D6E
6805,腔,8D6F
6905,膏,8D70
6A05,航,8D71
6B05,荒,8D72
6C05,行,8D73
6D05,衡,8D74
6E05,講,8D75
6F05,貢,8D76
7005,購,8D77
7105,郊,8D78
7205,酵,8D79
7305,鉱,8D7A
7405,砿,8D7B
7505,鋼,8D7C
7605,閤,8D7D
7705,降,8D7E
7805,項,8D80
7905,香,8D81
7A05,高,8D82
7B05,鴻,8D83
7C05,剛,8D84
7D05,劫,8D85
7E05,号,8D86
7F05,合,8D87
8005,壕,8D88
8105,拷,8D89
8205,濠,8D8A
8305,豪,8D8B
8405,轟,8D8C
8505,麹,8D8D
8605,克,8D8E
8705,刻,8D8F
8805,告,8D90
8905,国,8D91
8A05,穀,8D92
8B05,酷,8D93
8C05,鵠,8D94
8D05,黒,8D95
8E05,獄,8D96
8F05,漉,8D97
9005,腰,8D98
9105,甑,8D99
9205,忽,8D9A
9305,惚,8D9B
9405,骨,8D9C
9505,狛,8D9D
9605,込,8D9E
9705,此,8D9F
9805,頃,8DA0
9905,今,8DA1
9A05,困,8DA2
9B05,坤,8DA3
9C05,墾,8DA4
9D05,婚,8DA5
9E05,恨,8DA6
9F05,懇,8DA7
A005,昏,8DA8
A105,昆,8DA9
A205,根,8DAA
A305,梱,8DAB
A405,混,8DAC
A505,痕,8DAD
A605,紺,8DAE
A705,艮,8DAF
A805,魂,8DB0
A905,些,8DB1
AA05,佐,8DB2
AB05,叉,8DB3
AC05,唆,8DB4
AD05,嵯,8DB5
AE05,左,8DB6
AF05,差,8DB7
B005,査,8DB8
B105,沙,8DB9
B205,瑳,8DBA
B305,砂,8DBB
B405,詐,8DBC
B505,鎖,8DBD
B605,裟,8DBE
B705,坐,8DBF
B805,座,8DC0
B905,挫,8DC1
BA05,債,8DC2
BB05,催,8DC3
BC05,再,8DC4
BD05,最,8DC5
BE05,哉,8DC6
BF05,塞,8DC7
C005,妻,8DC8
C105,宰,8DC9
C205,彩,8DCA
C305,才,8DCB
C405,採,8DCC
C505,栽,8DCD
C605,歳,8DCE
C705,済,8DCF
C805,災,8DD0
C905,采,8DD1
CA05,犀,8DD2
CB05,砕,8DD3
CC05,砦,8DD4
CD05,祭,8DD5
CE05,斎,8DD6
CF05,細,8DD7
D005,菜,8DD8
D105,裁,8DD9
D205,載,8DDA
D305,際,8DDB
D405,剤,8DDC
D505,在,8DDD
D605,材,8DDE
D705,罪,8DDF
D805,財,8DE0
D905,冴,8DE1
DA05,坂,8DE2
DB05,阪,8DE3
DC05,堺,8DE4
DD05,榊,8DE5
DE05,肴,8DE6
DF05,咲,8DE7
E005,崎,8DE8
E105,埼,8DE9
E205,碕,8DEA
E305,鷺,8DEB
E405,作,8DEC
E505,削,8DED
E605,咋,8DEE
E705,搾,8DEF
E805,昨,8DF0
E905,朔,8DF1
EA05,柵,8DF2
EB05,窄,8DF3
EC05,策,8DF4
ED05,索,8DF5
EE05,錯,8DF6
EF05,桜,8DF7
F005,鮭,8DF8
F105,笹,8DF9
F205,匙,8DFA
F305,冊,8DFB
F405,刷,8DFC
F505,察,8E40
F605,拶,8E41
F705,撮,8E42
F805,擦,8E43
F905,札,8E44
FA05,殺,8E45
FB05,薩,8E46
FC05,雑,8E47
FD05,皐,8E48
FE05,鯖,8E49
FF05,捌,8E4A
0006,錆,8E4B
0106,鮫,8E4C
0206,皿,8E4D
0306,晒,8E4E
0406,三,8E4F
0506,傘,8E50
0606,参,8E51
0706,山,8E52
0806,惨,8E53
0906,撒,8E54
0A06,散,8E55
0B06,桟,8E56
0C06,燦,8E57
0D06,珊,8E58
0E06,産,8E59
0F06,算,8E5A
1006,纂,8E5B
1106,蚕,8E5C
1206,讃,8E5D
1306,賛,8E5E
1406,酸,8E5F
1506,餐,8E60
1606,斬,8E61
1706,暫,8E62
1806,残,8E63
1906,仕,8E64
1A06,仔,8E65
1B06,伺,8E66
1C06,使,8E67
1D06,刺,8E68
1E06,司,8E69
1F06,史,8E6A
2006,嗣,8E6B
2106,四,8E6C
2206,士,8E6D
2306,始,8E6E
2406,姉,8E6F
2506,姿,8E70
2606,子,8E71
2706,屍,8E72
2806,市,8E73
2906,師,8E74
2A06,志,8E75
2B06,思,8E76
2C06,指,8E77
2D06,支,8E78
2E06,孜,8E79
2F06,斯,8E7A
3006,施,8E7B
3106,旨,8E7C
3206,枝,8E7D
3306,止,8E7E
3406,死,8E80
3506,氏,8E81
3606,獅,8E82
3706,祉,8E83
3806,私,8E84
3906,糸,8E85
3A06,紙,8E86
3B06,紫,8E87
3C06,肢,8E88
3D06,脂,8E89
3E06,至,8E8A
3F06,視,8E8B
4006,詞,8E8C
4106,詩,8E8D
4206,試,8E8E
4306,誌,8E8F
4406,諮,8E90
4506,資,8E91
4606,賜,8E92
4706,雌,8E93
4806,飼,8E94
4906,歯,8E95
4A06,事,8E96
4B06,似,8E97
4C06,侍,8E98
4D06,児,8E99
4E06,字,8E9A
4F06,寺,8E9B
5006,慈,8E9C
5106,持,8E9D
5206,時,8E9E
5306,次,8E9F
5406,滋,8EA0
5506,治,8EA1
5606,爾,8EA2
5706,璽,8EA3
5806,痔,8EA4
5906,磁,8EA5
5A06,示,8EA6
5B06,而,8EA7
5C06,耳,8EA8
5D06,自,8EA9
5E06,蒔,8EAA
5F06,辞,8EAB
6006,汐,8EAC
6106,鹿,8EAD
6206,式,8EAE
6306,識,8EAF
6406,鴫,8EB0
6506,竺,8EB1
6606,軸,8EB2
6706,宍,8EB3
6806,雫,8EB4
6906,七,8EB5
6A06,叱,8EB6
6B06,執,8EB7
6C06,失,8EB8
6D06,嫉,8EB9
6E06,室,8EBA
6F06,悉,8EBB
7006,湿,8EBC
7106,漆,8EBD
7206,疾,8EBE
7306,質,8EBF
7406,実,8EC0
7506,蔀,8EC1
7606,篠,8EC2
7706,偲,8EC3
7806,柴,8EC4
7906,芝,8EC5
7A06,屡,8EC6
7B06,蕊,8EC7
7C06,縞,8EC8
7D06,舎,8EC9
7E06,写,8ECA
7F06,射,8ECB
8006,捨,8ECC
8106,赦,8ECD
8206,斜,8ECE
8306,煮,8ECF
8406,社,8ED0
8506,紗,8ED1
8606,者,8ED2
8706,謝,8ED3
8806,車,8ED4
8906,遮,8ED5
8A06,蛇,8ED6
8B06,邪,8ED7
8C06,借,8ED8
8D06,勺,8ED9
8E06,尺,8EDA
8F06,杓,8EDB
9006,灼,8EDC
9106,爵,8EDD
9206,酌,8EDE
9306,釈,8EDF
9406,錫,8EE0
9506,若,8EE1
9606,寂,8EE2
9706,弱,8EE3
9806,惹,8EE4
9906,主,8EE5
9A06,取,8EE6
9B06,守,8EE7
9C06,手,8EE8
9D06,朱,8EE9
9E06,殊,8EEA
9F06,狩,8EEB
A006,珠,8EEC
A106,種,8EED
A206,腫,8EEE
A306,趣,8EEF
A406,酒,8EF0
A506,首,8EF1
A606,儒,8EF2
A706,受,8EF3
A806,呪,8EF4
A906,寿,8EF5
AA06,授,8EF6
AB06,樹,8EF7
AC06,綬,8EF8
AD06,需,8EF9
AE06,囚,8EFA
AF06,収,8EFB
B006,周,8EFC
B106,宗,8F40
B206,就,8F41
B306,州,8F42
B406,修,8F43
B506,愁,8F44
B606,拾,8F45
B706,洲,8F46
B806,秀,8F47
B906,秋,8F48
BA06,終,8F49
BB06,繍,8F4A
BC06,習,8F4B
BD06,臭,8F4C
BE06,舟,8F4D
BF06,蒐,8F4E
C006,衆,8F4F
C106,襲,8F50
C206,讐,8F51
C306,蹴,8F52
C406,輯,8F53
C506,週,8F54
C606,酋,8F55
C706,酬,8F56
C806,集,8F57
C906,醜,8F58
CA06,什,8F59
CB06,住,8F5A
CC06,充,8F5B
CD06,十,8F5C
CE06,従,8F5D
CF06,戎,8F5E
D006,柔,8F5F
D106,汁,8F60
D206,渋,8F61
D306,獣,8F62
D406,縦,8F63
D506,重,8F64
D606,銃,8F65
D706,叔,8F66
D806,夙,8F67
D906,宿,8F68
DA06,淑,8F69
DB06,祝,8F6A
DC06,縮,8F6B
DD06,粛,8F6C
DE06,塾,8F6D
DF06,熟,8F6E
E006,出,8F6F
E106,術,8F70
E206,述,8F71
E306,俊,8F72
E406,峻,8F73
E506,春,8F74
E606,瞬,8F75
E706,竣,8F76
E806,舜,8F77
E906,駿,8F78
EA06,准,8F79
EB06,循,8F7A
EC06,旬,8F7B
ED06,楯,8F7C
EE06,殉,8F7D
EF06,淳,8F7E
F006,準,8F80
F106,潤,8F81
F206,盾,8F82
F306,純,8F83
F406,巡,8F84
F506,遵,8F85
F606,醇,8F86
F706,順,8F87
F806,処,8F88
F906,初,8F89
FA06,所,8F8A
FB06,暑,8F8B
FC06,曙,8F8C
FD06,渚,8F8D
FE06,庶,8F8E
FF06,緒,8F8F
0007,署,8F90
0107,書,8F91
0207,薯,8F92
0307,藷,8F93
0407,諸,8F94
0507,助,8F95
0607,叙,8F96
0707,女,8F97
0807,序,8F98
0907,徐,8F99
0A07,恕,8F9A
0B07,鋤,8F9B
0C07,除,8F9C
0D07,傷,8F9D
0E07,償,8F9E
0F07,勝,8F9F
1007,匠,8FA0
1107,升,8FA1
1207,召,8FA2
1307,哨,8FA3
1407,商,8FA4
1507,唱,8FA5
1607,嘗,8FA6
1707,奨,8FA7
1807,妾,8FA8
1907,娼,8FA9
1A07,宵,8FAA
1B07,将,8FAB
1C07,小,8FAC
1D07,少,8FAD
1E07,尚,8FAE
1F07,庄,8FAF
2007,床,8FB0
2107,廠,8FB1
2207,彰,8FB2
2307,承,8FB3
2407,抄,8FB4
2507,招,8FB5
2607,掌,8FB6
2707,捷,8FB7
2807,昇,8FB8
2907,昌,8FB9
2A07,昭,8FBA
2B07,晶,8FBB
2C07,松,8FBC
2D07,梢,8FBD
2E07,樟,8FBE
2F07,樵,8FBF
3007,沼,8FC0
3107,消,8FC1
3207,渉,8FC2
3307,湘,8FC3
3407,焼,8FC4
3507,焦,8FC5
3607,照,8FC6
3707,症,8FC7
3807,省,8FC8
3907,硝,8FC9
3A07,礁,8FCA
3B07,祥,8FCB
3C07,称,8FCC
3D07,章,8FCD
3E07,笑,8FCE
3F07,粧,8FCF
4007,紹,8FD0
4107,肖,8FD1
4207,菖,8FD2
4307,蒋,8FD3
4407,蕉,8FD4
4507,衝,8FD5
4607,裳,8FD6
4707,訟,8FD7
4807,証,8FD8
4907,詔,8FD9
4A07,詳,8FDA
4B07,象,8FDB
4C07,賞,8FDC
4D07,醤,8FDD
4E07,鉦,8FDE
4F07,鍾,8FDF
5007,鐘,8FE0
5107,障,8FE1
5207,鞘,8FE2
5307,上,8FE3
5407,丈,8FE4
5507,丞,8FE5
5607,乗,8FE6
5707,冗,8FE7
5807,剰,8FE8
5907,城,8FE9
5A07,場,8FEA
5B07,壌,8FEB
5C07,嬢,8FEC
5D07,常,8FED
5E07,情,8FEE
5F07,擾,8FEF
6007,条,8FF0
6107,杖,8FF1
6207,浄,8FF2
6307,状,8FF3
6407,畳,8FF4
6507,穣,8FF5
6607,蒸,8FF6
6707,譲,8FF7
6807,醸,8FF8
6907,錠,8FF9
6A07,嘱,8FFA
6B07,埴,8FFB
6C07,飾,8FFC
6D07,拭,9040
6E07,植,9041
6F07,殖,9042
7007,燭,9043
7107,織,9044
7207,職,9045
7307,色,9046
7407,触,9047
7507,食,9048
7607,蝕,9049
7707,辱,904A
7807,尻,904B
7907,伸,904C
7A07,信,904D
7B07,侵,904E
7C07,唇,904F
7D07,娠,9050
7E07,寝,9051
7F07,審,9052
8007,心,9053
8107,慎,9054
8207,振,9055
8307,新,9056
8407,晋,9057
8507,森,9058
8607,榛,9059
8707,浸,905A
8807,深,905B
8907,申,905C
8A07,疹,905D
8B07,真,905E
8C07,神,905F
8D07,秦,9060
8E07,紳,9061
8F07,臣,9062
9007,芯,9063
9107,薪,9064
9207,親,9065
9307,診,9066
9407,身,9067
9507,辛,9068
9607,進,9069
9707,針,906A
9807,震,906B
9907,人,906C
9A07,仁,906D
9B07,刃,906E
9C07,塵,906F
9D07,壬,9070
9E07,尋,9071
9F07,甚,9072
A007,尽,9073
A107,腎,9074
A207,訊,9075
A307,迅,9076
A407,陣,9077
A507,靭,9078
A607,笥,9079
A707,諏,907A
A807,須,907B
A907,酢,907C
AA07,図,907D
AB07,厨,907E
AC07,逗,9080
AD07,吹,9081
AE07,垂,9082
AF07,帥,9083
B007,推,9084
B107,水,9085
B207,炊,9086
B307,睡,9087
B407,粋,9088
B507,翠,9089
B607,衰,908A
B707,遂,908B
B807,酔,908C
B907,錐,908D
BA07,錘,908E
BB07,随,908F
BC07,瑞,9090
BD07,髄,9091
BE07,崇,9092
BF07,嵩,9093
C007,数,9094
C107,枢,9095
C207,趨,9096
C307,雛,9097
C407,据,9098
C507,杉,9099
C607,椙,909A
C707,菅,909B
C807,頗,909C
C907,雀,909D
CA07,裾,909E
CB07,澄,909F
CC07,摺,90A0
CD07,寸,90A1
CE07,世,90A2
CF07,瀬,90A3
D007,畝,90A4
D107,是,90A5
D207,凄,90A6
D307,制,90A7
D407,勢,90A8
D507,姓,90A9
D607,征,90AA
D707,性,90AB
D807,成,90AC
D907,政,90AD
DA07,整,90AE
DB07,星,90AF
DC07,晴,90B0
DD07,棲,90B1
DE07,栖,90B2
DF07,正,90B3
E007,清,90B4
E107,牲,90B5
E207,生,90B6
E307,盛,90B7
E407,精,90B8
E507,聖,90B9
E607,声,90BA
E707,製,90BB
E807,西,90BC
E907,誠,90BD
EA07,誓,90BE
EB07,請,90BF
EC07,逝,90C0
ED07,醒,90C1
EE07,青,90C2
EF07,静,90C3
F007,斉,90C4
F107,税,90C5
F207,脆,90C6
F307,隻,90C7
F407,席,90C8
F507,惜,90C9
F607,戚,90CA
F707,斥,90CB
F807,昔,90CC
F907,析,90CD
FA07,石,90CE
FB07,積,90CF
FC07,籍,90D0
FD07,績,90D1
FE07,脊,90D2
FF07,責,90D3
0008,赤,90D4
0108,跡,90D5
0208,蹟,90D6
0308,碩,90D7
0408,切,90D8
0508,拙,90D9
0608,接,90DA
0708,摂,90DB
0808,折,90DC
0908,設,90DD
0A08,窃,90DE
0B08,節,90DF
0C08,説,90E0
0D08,雪,90E1
0E08,絶,90E2
0F08,舌,90E3
1008,蝉,90E4
1108,仙,90E5
1208,先,90E6
1308,千,90E7
1408,占,90E8
1508,宣,90E9
1608,専,90EA
1708,尖,90EB
1808,川,90EC
1908,戦,90ED
1A08,扇,90EE
1B08,撰,90EF
1C08,栓,90F0
1D08,栴,90F1
1E08,泉,90F2
1F08,浅,90F3
2008,洗,90F4
2108,染,90F5
2208,潜,90F6
2308,煎,90F7
2408,煽,90F8
2508,旋,90F9
2608,穿,90FA
2708,箭,90FB
2808,線,90FC
2908,繊,9140
2A08,羨,9141
2B08,腺,9142
2C08,舛,9143
2D08,船,9144
2E08,薦,9145
2F08,詮,9146
3008,賎,9147
3108,践,9148
3208,選,9149
3308,遷,914A
3408,銭,914B
3508,銑,914C
3608,閃,914D
3708,鮮,914E
3808,前,914F
3908,善,9150
3A08,漸,9151
3B08,然,9152
3C08,全,9153
3D08,禅,9154
3E08,繕,9155
3F08,膳,9156
4008,糎,9157
4108,噌,9158
4208,塑,9159
4308,岨,915A
4408,措,915B
4508,曾,915C
4608,曽,915D
4708,楚,915E
4808,狙,915F
4908,疏,9160
4A08,疎,9161
4B08,礎,9162
4C08,祖,9163
4D08,租,9164
4E08,粗,9165
4F08,素,9166
5008,組,9167
5108,蘇,9168
5208,訴,9169
5308,阻,916A
5408,遡,916B
5508,鼠,916C
5608,僧,916D
5708,創,916E
5808,双,916F
5908,叢,9170
5A08,倉,9171
5B08,喪,9172
5C08,壮,9173
5D08,奏,9174
5E08,爽,9175
5F08,宋,9176
6008,層,9177
6108,匝,9178
6208,惣,9179
6308,想,917A
6408,捜,917B
6508,掃,917C
6608,挿,917D
6708,掻,917E
6808,操,9180
6908,早,9181
6A08,曹,9182
6B08,巣,9183
6C08,槍,9184
6D08,槽,9185
6E08,漕,9186
6F08,燥,9187
7008,争,9188
7108,痩,9189
7208,相,918A
7308,窓,918B
7408,糟,918C
7508,総,918D
7608,綜,918E
7708,聡,918F
7808,草,9190
7908,荘,9191
7A08,葬,9192
7B08,蒼,9193
7C08,藻,9194
7D08,装,9195
7E08,走,9196
7F08,送,9197
8008,遭,9198
8108,鎗,9199
8208,霜,919A
8308,騒,919B
8408,像,919C
8508,増,919D
8608,憎,919E
8708,臓,919F
8808,蔵,91A0
8908,贈,91A1
8A08,造,91A2
8B08,促,91A3
8C08,側,91A4
8D08,則,91A5
8E08,即,91A6
8F08,息,91A7
9008,捉,91A8
9108,束,91A9
9208,測,91AA
9308,足,91AB
9408,速,91AC
9508,俗,91AD
9608,属,91AE
9708,賊,91AF
9808,族,91B0
9908,続,91B1
9A08,卒,91B2
9B08,袖,91B3
9C08,其,91B4
9D08,揃,91B5
9E08,存,91B6
9F08,孫,91B7
A008,尊,91B8
A108,損,91B9
A208,村,91BA
A308,遜,91BB
A408,他,91BC
A508,多,91BD
A608,太,91BE
A708,汰,91BF
A808,詑,91C0
A908,唾,91C1
AA08,堕,91C2
AB08,妥,91C3
AC08,惰,91C4
AD08,打,91C5
AE08,柁,91C6
AF08,舵,91C7
B008,楕,91C8
B108,陀,91C9
B208,駄,91CA
B308,騨,91CB
B408,体,91CC
B508,堆,91CD
B608,対,91CE
B708,耐,91CF
B808,岱,91D0
B908,帯,91D1
BA08,待,91D2
BB08,怠,91D3
BC08,態,91D4
BD08,戴,91D5
BE08,替,91D6
BF08,泰,91D7
C008,滞,91D8
C108,胎,91D9
C208,腿,91DA
C308,苔,91DB
C408,袋,91DC
C508,貸,91DD
C608,退,91DE
C708,逮,91DF
C808,隊,91E0
C908,黛,91E1
CA08,鯛,91E2
CB08,代,91E3
CC08,台,91E4
CD08,大,91E5
CE08,第,91E6
CF08,醍,91E7
D008,題,91E8
D108,鷹,91E9
D208,滝,91EA
D308,瀧,91EB
D408,卓,91EC
D508,啄,91ED
D608,宅,91EE
D708,托,91EF
D808,択,91F0
D908,拓,91F1
DA08,沢,91F2
DB08,濯,91F3
DC08,琢,91F4
DD08,託,91F5
DE08,鐸,91F6
DF08,濁,91F7
E008,諾,91F8
E108,茸,91F9
E208,凧,91FA
E308,蛸,91FB
E408,只,91FC
E508,叩,9240
E608,但,9241
E708,達,9242
E808,辰,9243
E908,奪,9244
EA08,脱,9245
EB08,巽,9246
EC08,竪,9247
ED08,辿,9248
EE08,棚,9249
EF08,谷,924A
F008,狸,924B
F108,鱈,924C
F208,樽,924D
F308,誰,924E
F408,丹,924F
F508,単,9250
F608,嘆,9251
F708,坦,9252
F808,担,9253
F908,探,9254
FA08,旦,9255
FB08,歎,9256
FC08,淡,9257
FD08,湛,9258
FE08,炭,9259
FF08,短,925A
0009,端,925B
0109,箪,925C
0209,綻,925D
0309,耽,925E
0409,胆,925F
0509,蛋,9260
0609,誕,9261
0709,鍛,9262
0809,団,9263
0909,壇,9264
0A09,弾,9265
0B09,断,9266
0C09,暖,9267
0D09,檀,9268
0E09,段,9269
0F09,男,926A
1009,談,926B
1109,値,926C
1209,知,926D
1309,地,926E
1409,弛,926F
1509,恥,9270
1609,智,9271
1709,池,9272
1809,痴,9273
1909,稚,9274
1A09,置,9275
1B09,致,9276
1C09,蜘,9277
1D09,遅,9278
1E09,馳,9279
1F09,築,927A
2009,畜,927B
2109,竹,927C
2209,筑,927D
2309,蓄,927E
2409,逐,9280
2509,秩,9281
2609,窒,9282
2709,茶,9283
2809,嫡,9284
2909,着,9285
2A09,中,9286
2B09,仲,9287
2C09,宙,9288
2D09,忠,9289
2E09,抽,928A
2F09,昼,928B
3009,柱,928C
3109,注,928D
3209,虫,928E
3309,衷,928F
3409,註,9290
3509,酎,9291
3609,鋳,9292
3709,駐,9293
3809,樗,9294
3909,瀦,9295
3A09,猪,9296
3B09,苧,9297
3C09,著,9298
3D09,貯,9299
3E09,丁,929A
3F09,兆,929B
4009,凋,929C
4109,喋,929D
4209,寵,929E
4309,帖,929F
4409,帳,92A0
4509,庁,92A1
4609,弔,92A2
4709,張,92A3
4809,彫,92A4
4909,徴,92A5
4A09,懲,92A6
4B09,挑,92A7
4C09,暢,92A8
4D09,朝,92A9
4E09,潮,92AA
4F09,牒,92AB
5009,町,92AC
5109,眺,92AD
5209,聴,92AE
5309,脹,92AF
5409,腸,92B0
5509,蝶,92B1
5609,調,92B2
5709,諜,92B3
5809,超,92B4
5909,跳,92B5
5A09,銚,92B6
5B09,長,92B7
5C09,頂,92B8
5D09,鳥,92B9
5E09,勅,92BA
5F09,捗,92BB
6009,直,92BC
6109,朕,92BD
6209,沈,92BE
6309,珍,92BF
6409,賃,92C0
6509,鎮,92C1
6609,陳,92C2
6709,津,92C3
6809,墜,92C4
6909,椎,92C5
6A09,槌,92C6
6B09,追,92C7
6C09,鎚,92C8
6D09,痛,92C9
6E09,通,92CA
6F09,塚,92CB
7009,栂,92CC
7109,掴,92CD
7209,槻,92CE
7309,佃,92CF
7409,漬,92D0
7509,柘,92D1
7609,辻,92D2
7709,蔦,92D3
7809,綴,92D4
7909,鍔,92D5
7A09,椿,92D6
7B09,潰,92D7
7C09,坪,92D8
7D09,壷,92D9
7E09,嬬,92DA
7F09,紬,92DB
8009,爪,92DC
8109,吊,92DD
8209,釣,92DE
8309,鶴,92DF
8409,亭,92E0
8509,低,92E1
8609,停,92E2
8709,偵,92E3
8809,剃,92E4
8909,貞,92E5
8A09,呈,92E6
8B09,堤,92E7
8C09,定,92E8
8D09,帝,92E9
8E09,底,92EA
8F09,庭,92EB
9009,廷,92EC
9109,弟,92ED
9209,悌,92EE
9309,抵,92EF
9409,挺,92F0
9509,提,92F1
9609,梯,92F2
9709,汀,92F3
9809,碇,92F4
9909,禎,92F5
9A09,程,92F6
9B09,締,92F7
9C09,艇,92F8
9D09,訂,92F9
9E09,諦,92FA
9F09,蹄,92FB
A009,逓,92FC
A109,邸,9340
A209,鄭,9341
A309,釘,9342
A409,鼎,9343
A509,泥,9344
A609,摘,9345
A709,擢,9346
A809,敵,9347
A909,滴,9348
AA09,的,9349
AB09,笛,934A
AC09,適,934B
AD09,鏑,934C
AE09,溺,934D
AF09,哲,934E
B009,徹,934F
B109,撤,9350
B209,轍,9351
B309,迭,9352
B409,鉄,9353
B509,典,9354
B609,填,9355
B709,天,9356
B809,展,9357
B909,店,9358
BA09,添,9359
BB09,纏,935A
BC09,甜,935B
BD09,貼,935C
BE09,転,935D
BF09,顛,935E
C009,点,935F
C109,伝,9360
C209,殿,9361
C309,澱,9362
C409,田,9363
C509,電,9364
C609,兎,9365
C709,吐,9366
C809,堵,9367
C909,塗,9368
CA09,妬,9369
CB09,屠,936A
CC09,徒,936B
CD09,斗,936C
CE09,杜,936D
CF09,渡,936E
D009,登,936F
D109,菟,9370
D209,賭,9371
D309,途,9372
D409,都,9373
D509,鍍,9374
D609,砥,9375
D709,砺,9376
D809,努,9377
D909,度,9378
DA09,土,9379
DB09,奴,937A
DC09,怒,937B
DD09,倒,937C
DE09,党,937D
DF09,冬,937E
E009,凍,9380
E109,刀,9381
E209,唐,9382
E309,塔,9383
E409,塘,9384
E509,套,9385
E609,宕,9386
E709,島,9387
E809,嶋,9388
E909,悼,9389
EA09,投,938A
EB09,搭,938B
EC09,東,938C
ED09,桃,938D
EE09,梼,938E
EF09,棟,938F
F009,盗,9390
F109,淘,9391
F209,湯,9392
F309,涛,9393
F409,灯,9394
F509,燈,9395
F609,当,9396
F709,痘,9397
F809,祷,9398
F909,等,9399
FA09,答,939A
FB09,筒,939B
FC09,糖,939C
FD09,統,939D
FE09,到,939E
FF09,董,939F
000A,蕩,93A0
010A,藤,93A1
020A,討,93A2
030A,謄,93A3
040A,豆,93A4
050A,踏,93A5
060A,逃,93A6
070A,透,93A7
080A,鐙,93A8
090A,陶,93A9
0A0A,頭,93AA
0B0A,騰,93AB
0C0A,闘,93AC
0D0A,働,93AD
0E0A,動,93AE
0F0A,同,93AF
100A,堂,93B0
110A,導,93B1
120A,憧,93B2
130A,撞,93B3
140A,洞,93B4
150A,瞳,93B5
160A,童,93B6
170A,胴,93B7
180A,萄,93B8
190A,道,93B9
1A0A,銅,93BA
1B0A,峠,93BB
1C0A,鴇,93BC
1D0A,匿,93BD
1E0A,得,93BE
1F0A,徳,93BF
200A,涜,93C0
210A,特,93C1
220A,督,93C2
230A,禿,93C3
240A,篤,93C4
250A,毒,93C5
260A,独,93C6
270A,読,93C7
280A,栃,93C8
290A,橡,93C9
2A0A,凸,93CA
2B0A,突,93CB
2C0A,椴,93CC
2D0A,届,93CD
2E0A,鳶,93CE
2F0A,苫,93CF
300A,寅,93D0
310A,酉,93D1
320A,瀞,93D2
330A,噸,93D3
340A,屯,93D4
350A,惇,93D5
360A,敦,93D6
370A,沌,93D7
380A,豚,93D8
390A,遁,93D9
3A0A,頓,93DA
3B0A,呑,93DB
3C0A,曇,93DC
3D0A,鈍,93DD
3E0A,奈,93DE
3F0A,那,93DF
400A,内,93E0
410A,乍,93E1
420A,凪,93E2
430A,薙,93E3
440A,謎,93E4
450A,灘,93E5
460A,捺,93E6
470A,鍋,93E7
480A,楢,93E8
490A,馴,93E9
4A0A,縄,93EA
4B0A,畷,93EB
4C0A,南,93EC
4D0A,楠,93ED
4E0A,軟,93EE
4F0A,難,93EF
500A,汝,93F0
510A,二,93F1
520A,尼,93F2
530A,弐,93F3
540A,迩,93F4
550A,匂,93F5
560A,賑,93F6
570A,肉,93F7
580A,虹,93F8
590A,廿,93F9
5A0A,日,93FA
5B0A,乳,93FB
5C0A,入,93FC
5D0A,如,9440
5E0A,尿,9441
5F0A,韮,9442
600A,任,9443
610A,妊,9444
620A,忍,9445
630A,認,9446
640A,濡,9447
650A,禰,9448
660A,祢,9449
670A,寧,944A
680A,葱,944B
690A,猫,944C
6A0A,熱,944D
6B0A,年,944E
6C0A,念,944F
6D0A,捻,9450
6E0A,撚,9451
6F0A,燃,9452
700A,粘,9453
710A,乃,9454
720A,廼,9455
730A,之,9456
740A,埜,9457
750A,嚢,9458
760A,悩,9459
770A,濃,945A
780A,納,945B
790A,能,945C
7A0A,脳,945D
7B0A,膿,945E
7C0A,農,945F
7D0A,覗,9460
7E0A,蚤,9461
7F0A,巴,9462
800A,把,9463
810A,播,9464
820A,覇,9465
830A,杷,9466
840A,波,9467
850A,派,9468
860A,琶,9469
870A,破,946A
880A,婆,946B
890A,罵,946C
8A0A,芭,946D
8B0A,馬,946E
8C0A,俳,946F
8D0A,廃,9470
8E0A,拝,9471
8F0A,排,9472
900A,敗,9473
910A,杯,9474
920A,盃,9475
930A,牌,9476
940A,背,9477
950A,肺,9478
960A,輩,9479
970A,配,947A
980A,倍,947B
990A,培,947C
9A0A,媒,947D
9B0A,梅,947E
9C0A,楳,9480
9D0A,煤,9481
9E0A,狽,9482
9F0A,買,9483
A00A,売,9484
A10A,賠,9485
A20A,陪,9486
A30A,這,9487
A40A,蝿,9488
A50A,秤,9489
A60A,矧,948A
A70A,萩,948B
A80A,伯,948C
A90A,剥,948D
AA0A,博,948E
AB0A,拍,948F
AC0A,柏,9490
AD0A,泊,9491
AE0A,白,9492
AF0A,箔,9493
B00A,粕,9494
B10A,舶,9495
B20A,薄,9496
B30A,迫,9497
B40A,曝,9498
B50A,漠,9499
B60A,爆,949A
B70A,縛,949B
B80A,莫,949C
B90A,駁,949D
BA0A,麦,949E
BB0A,函,949F
BC0A,箱,94A0
BD0A,硲,94A1
BE0A,箸,94A2
BF0A,肇,94A3
C00A,筈,94A4
C10A,櫨,94A5
C20A,幡,94A6
C30A,肌,94A7
C40A,畑,94A8
C50A,畠,94A9
C60A,八,94AA
C70A,鉢,94AB
C80A,溌,94AC
C90A,発,94AD
CA0A,醗,94AE
CB0A,髪,94AF
CC0A,伐,94B0
CD0A,罰,94B1
CE0A,抜,94B2
CF0A,筏,94B3
D00A,閥,94B4
D10A,鳩,94B5
D20A,噺,94B6
D30A,塙,94B7
D40A,蛤,94B8
D50A,隼,94B9
D60A,伴,94BA
D70A,判,94BB
D80A,半,94BC
D90A,反,94BD
DA0A,叛,94BE
DB0A,帆,94BF
DC0A,搬,94C0
DD0A,斑,94C1
DE0A,板,94C2
DF0A,氾,94C3
E00A,汎,94C4
E10A,版,94C5
E20A,犯,94C6
E30A,班,94C7
E40A,畔,94C8
E50A,繁,94C9
E60A,般,94CA
E70A,藩,94CB
E80A,販,94CC
E90A,範,94CD
EA0A,釆,94CE
EB0A,煩,94CF
EC0A,頒,94D0
ED0A,飯,94D1
EE0A,挽,94D2
EF0A,晩,94D3
F00A,番,94D4
F10A,盤,94D5
F20A,磐,94D6
F30A,蕃,94D7
F40A,蛮,94D8
F50A,匪,94D9
F60A,卑,94DA
F70A,否,94DB
F80A,妃,94DC
F90A,庇,94DD
FA0A,彼,94DE
FB0A,悲,94DF
FC0A,扉,94E0
FD0A,批,94E1
FE0A,披,94E2
FF0A,斐,94E3
000B,比,94E4
010B,泌,94E5
020B,疲,94E6
030B,皮,94E7
040B,碑,94E8
050B,秘,94E9
060B,緋,94EA
070B,罷,94EB
080B,肥,94EC
090B,被,94ED
0A0B,誹,94EE
0B0B,費,94EF
0C0B,避,94F0
0D0B,非,94F1
0E0B,飛,94F2
0F0B,樋,94F3
100B,簸,94F4
110B,備,94F5
120B,尾,94F6
130B,微,94F7
140B,枇,94F8
150B,毘,94F9
160B,琵,94FA
170B,眉,94FB
180B,美,94FC
190B,鼻,9540
1A0B,柊,9541
1B0B,稗,9542
1C0B,匹,9543
1D0B,疋,9544
1E0B,髭,9545
1F0B,彦,9546
200B,膝,9547
210B,菱,9548
220B,肘,9549
230B,弼,954A
240B,必,954B
250B,畢,954C
260B,筆,954D
270B,逼,954E
280B,桧,954F
290B,姫,9550
2A0B,媛,9551
2B0B,紐,9552
2C0B,百,9553
2D0B,謬,9554
2E0B,俵,9555
2F0B,彪,9556
300B,標,9557
310B,氷,9558
320B,漂,9559
330B,瓢,955A
340B,票,955B
350B,表,955C
360B,評,955D
370B,豹,955E
380B,廟,955F
390B,描,9560
3A0B,病,9561
3B0B,秒,9562
3C0B,苗,9563
3D0B,錨,9564
3E0B,鋲,9565
3F0B,蒜,9566
400B,蛭,9567
410B,鰭,9568
420B,品,9569
430B,彬,956A
440B,斌,956B
450B,浜,956C
460B,瀕,956D
470B,貧,956E
480B,賓,956F
490B,頻,9570
4A0B,敏,9571
4B0B,瓶,9572
4C0B,不,9573
4D0B,付,9574
4E0B,埠,9575
4F0B,夫,9576
500B,婦,9577
510B,富,9578
520B,冨,9579
530B,布,957A
540B,府,957B
550B,怖,957C
560B,扶,957D
570B,敷,957E
580B,斧,9580
590B,普,9581
5A0B,浮,9582
5B0B,父,9583
5C0B,符,9584
5D0B,腐,9585
5E0B,膚,9586
5F0B,芙,9587
600B,譜,9588
610B,負,9589
620B,賦,958A
630B,赴,958B
640B,阜,958C
650B,附,958D
660B,侮,958E
670B,撫,958F
680B,武,9590
690B,舞,9591
6A0B,葡,9592
6B0B,蕪,9593
6C0B,部,9594
6D0B,封,9595
6E0B,楓,9596
6F0B,風,9597
700B,葺,9598
710B,蕗,9599
720B,伏,959A
730B,副,959B
740B,復,959C
750B,幅,959D
760B,服,959E
770B,福,959F
780B,腹,95A0
790B,複,95A1
7A0B,覆,95A2
7B0B,淵,95A3
7C0B,弗,95A4
7D0B,払,95A5
7E0B,沸,95A6
7F0B,仏,95A7
800B,物,95A8
810B,鮒,95A9
820B,分,95AA
830B,吻,95AB
840B,噴,95AC
850B,墳,95AD
860B,憤,95AE
870B,扮,95AF
880B,焚,95B0
890B,奮,95B1
8A0B,粉,95B2
8B0B,糞,95B3
8C0B,紛,95B4
8D0B,雰,95B5
8E0B,文,95B6
8F0B,聞,95B7
900B,丙,95B8
910B,併,95B9
920B,兵,95BA
930B,塀,95BB
940B,幣,95BC
950B,平,95BD
960B,弊,95BE
970B,柄,95BF
980B,並,95C0
990B,蔽,95C1
9A0B,閉,95C2
9B0B,陛,95C3
9C0B,米,95C4
9D0B,頁,95C5
9E0B,僻,95C6
9F0B,壁,95C7
A00B,癖,95C8
A10B,碧,95C9
A20B,別,95CA
A30B,瞥,95CB
A40B,蔑,95CC
A50B,箆,95CD
A60B,偏,95CE
A70B,変,95CF
A80B,片,95D0
A90B,篇,95D1
AA0B,編,95D2
AB0B,辺,95D3
AC0B,返,95D4
AD0B,遍,95D5
AE0B,便,95D6
AF0B,勉,95D7
B00B,娩,95D8
B10B,弁,95D9
B20B,鞭,95DA
B30B,保,95DB
B40B,舗,95DC
B50B,鋪,95DD
B60B,圃,95DE
B70B,捕,95DF
B80B,歩,95E0
B90B,甫,95E1
BA0B,補,95E2
BB0B,輔,95E3
BC0B,穂,95E4
BD0B,募,95E5
BE0B,墓,95E6
BF0B,慕,95E7
C00B,戊,95E8
C10B,暮,95E9
C20B,母,95EA
C30B,簿,95EB
C40B,菩,95EC
C50B,倣,95ED
C60B,俸,95EE
C70B,包,95EF
C80B,呆,95F0
C90B,報,95F1
CA0B,奉,95F2
CB0B,宝,95F3
CC0B,峰,95F4
CD0B,峯,95F5
CE0B,崩,95F6
CF0B,庖,95F7
D00B,抱,95F8
D10B,捧,95F9
D20B,放,95FA
D30B,方,95FB
D40B,朋,95FC
D50B,法,9640
D60B,泡,9641
D70B,烹,9642
D80B,砲,9643
D90B,縫,9644
DA0B,胞,9645
DB0B,芳,9646
DC0B,萌,9647
DD0B,蓬,9648
DE0B,蜂,9649
DF0B,褒,964A
E00B,訪,964B
E10B,豊,964C
E20B,邦,964D
E30B,鋒,964E
E40B,飽,964F
E50B,鳳,9650
E60B,鵬,9651
E70B,乏,9652
E80B,亡,9653
E90B,傍,9654
EA0B,剖,9655
EB0B,坊,9656
EC0B,妨,9657
ED0B,帽,9658
EE0B,忘,9659
EF0B,忙,965A
F00B,房,965B
F10B,暴,965C
F20B,望,965D
F30B,某,965E
F40B,棒,965F
F50B,冒,9660
F60B,紡,9661
F70B,肪,9662
F80B,膨,9663
F90B,謀,9664
FA0B,貌,9665
FB0B,貿,9666
FC0B,鉾,9667
FD0B,防,9668
FE0B,吠,9669
FF0B,頬,966A
000C,北,966B
010C,僕,966C
020C,卜,966D
030C,墨,966E
040C,撲,966F
050C,朴,9670
060C,牧,9671
070C,睦,9672
080C,穆,9673
090C,釦,9674
0A0C,勃,9675
0B0C,没,9676
0C0C,殆,9677
0D0C,堀,9678
0E0C,幌,9679
0F0C,奔,967A
100C,本,967B
110C,翻,967C
120C,凡,967D
130C,盆,967E
140C,摩,9680
150C,磨,9681
160C,魔,9682
170C,麻,9683
180C,埋,9684
190C,妹,9685
1A0C,昧,9686
1B0C,枚,9687
1C0C,毎,9688
1D0C,哩,9689
1E0C,槙,968A
1F0C,幕,968B
200C,膜,968C
210C,枕,968D
220C,鮪,968E
230C,柾,968F
240C,鱒,9690
250C,桝,9691
260C,亦,9692
270C,俣,9693
280C,又,9694
290C,抹,9695
2A0C,末,9696
2B0C,沫,9697
2C0C,迄,9698
2D0C,侭,9699
2E0C,繭,969A
2F0C,麿,969B
300C,万,969C
310C,慢,969D
320C,満,969E
330C,漫,969F
340C,蔓,96A0
350C,味,96A1
360C,未,96A2
370C,魅,96A3
380C,巳,96A4
390C,箕,96A5
3A0C,岬,96A6
3B0C,密,96A7
3C0C,蜜,96A8
3D0C,湊,96A9
3E0C,蓑,96AA
3F0C,稔,96AB
400C,脈,96AC
410C,妙,96AD
420C,粍,96AE
430C,民,96AF
440C,眠,96B0
450C,務,96B1
460C,夢,96B2
470C,無,96B3
480C,牟,96B4
490C,矛,96B5
4A0C,霧,96B6
4B0C,鵡,96B7
4C0C,椋,96B8
4D0C,婿,96B9
4E0C,娘,96BA
4F0C,冥,96BB
500C,名,96BC
510C,命,96BD
520C,明,96BE
530C,盟,96BF
540C,迷,96C0
550C,銘,96C1
560C,鳴,96C2
570C,姪,96C3
580C,牝,96C4
590C,滅,96C5
5A0C,免,96C6
5B0C,棉,96C7
5C0C,綿,96C8
5D0C,緬,96C9
5E0C,面,96CA
5F0C,麺,96CB
600C,摸,96CC
610C,模,96CD
620C,茂,96CE
630C,妄,96CF
640C,孟,96D0
650C,毛,96D1
660C,猛,96D2
670C,盲,96D3
680C,網,96D4
690C,耗,96D5
6A0C,蒙,96D6
6B0C,儲,96D7
6C0C,木,96D8
6D0C,黙,96D9
6E0C,目,96DA
6F0C,杢,96DB
700C,勿,96DC
710C,餅,96DD
720C,尤,96DE
730C,戻,96DF
740C,籾,96E0
750C,貰,96E1
760C,問,96E2
770C,悶,96E3
780C,紋,96E4
790C,門,96E5
7A0C,匁,96E6
7B0C,也,96E7
7C0C,冶,96E8
7D0C,夜,96E9
7E0C,爺,96EA
7F0C,耶,96EB
800C,野,96EC
810C,弥,96ED
820C,矢,96EE
830C,厄,96EF
840C,役,96F0
850C,約,96F1
860C,薬,96F2
870C,訳,96F3
880C,躍,96F4
890C,靖,96F5
8A0C,柳,96F6
8B0C,薮,96F7
8C0C,鑓,96F8
8D0C,愉,96F9
8E0C,愈,96FA
8F0C,油,96FB
900C,癒,96FC
910C,諭,9740
920C,輸,9741
930C,唯,9742
940C,佑,9743
950C,優,9744
960C,勇,9745
970C,友,9746
980C,宥,9747
990C,幽,9748
9A0C,悠,9749
9B0C,憂,974A
9C0C,揖,974B
9D0C,有,974C
9E0C,柚,974D
9F0C,湧,974E
A00C,涌,974F
A10C,猶,9750
A20C,猷,9751
A30C,由,9752
A40C,祐,9753
A50C,裕,9754
A60C,誘,9755
A70C,遊,9756
A80C,邑,9757
A90C,郵,9758
AA0C,雄,9759
AB0C,融,975A
AC0C,夕,975B
AD0C,予,975C
AE0C,余,975D
AF0C,与,975E
B00C,誉,975F
B10C,輿,9760
B20C,預,9761
B30C,傭,9762
B40C,幼,9763
B50C,妖,9764
B60C,容,9765
B70C,庸,9766
B80C,揚,9767
B90C,揺,9768
BA0C,擁,9769
BB0C,曜,976A
BC0C,楊,976B
BD0C,様,976C
BE0C,洋,976D
BF0C,溶,976E
C00C,熔,976F
C10C,用,9770
C20C,窯,9771
C30C,羊,9772
C40C,耀,9773
C50C,葉,9774
C60C,蓉,9775
C70C,要,9776
C80C,謡,9777
C90C,踊,9778
CA0C,遥,9779
CB0C,陽,977A
CC0C,養,977B
CD0C,慾,977C
CE0C,抑,977D
CF0C,欲,977E
D00C,沃,9780
D10C,浴,9781
D20C,翌,9782
D30C,翼,9783
D40C,淀,9784
D50C,羅,9785
D60C,螺,9786
D70C,裸,9787
D80C,来,9788
D90C,莱,9789
DA0C,頼,978A
DB0C,雷,978B
DC0C,洛,978C
DD0C,絡,978D
DE0C,落,978E
DF0C,酪,978F
E00C,乱,9790
E10C,卵,9791
E20C,嵐,9792
E30C,欄,9793
E40C,濫,9794
E50C,藍,9795
E60C,蘭,9796
E70C,覧,9797
E80C,利,9798
E90C,吏,9799
EA0C,履,979A
EB0C,李,979B
EC0C,梨,979C
ED0C,理,979D
EE0C,璃,979E
EF0C,痢,979F
F00C,裏,97A0
F10C,裡,97A1
F20C,里,97A2
F30C,離,97A3
F40C,陸,97A4
F50C,律,97A5
F60C,率,97A6
F70C,立,97A7
F80C,葎,97A8
F90C,掠,97A9
FA0C,略,97AA
FB0C,劉,97AB
FC0C,流,97AC
FD0C,溜,97AD
FE0C,琉,97AE
FF0C,留,97AF
000D,硫,97B0
010D,粒,97B1
020D,隆,97B2
030D,竜,97B3
040D,龍,97B4
050D,侶,97B5
060D,慮,97B6
070D,旅,97B7
080D,虜,97B8
090D,了,97B9
0A0D,亮,97BA
0B0D,僚,97BB
0C0D,両,97BC
0D0D,凌,97BD
0E0D,寮,97BE
0F0D,料,97BF
100D,梁,97C0
110D,涼,97C1
120D,猟,97C2
130D,療,97C3
140D,瞭,97C4
150D,稜,97C5
160D,糧,97C6
170D,良,97C7
180D,諒,97C8
190D,遼,97C9
1A0D,量,97CA
1B0D,陵,97CB
1C0D,領,97CC
1D0D,力,97CD
1E0D,緑,97CE
1F0D,倫,97CF
200D,厘,97D0
210D,林,97D1
220D,淋,97D2
230D,燐,97D3
240D,琳,97D4
250D,臨,97D5
260D,輪,97D6
270D,隣,97D7
280D,鱗,97D8
290D,麟,97D9
2A0D,瑠,97DA
2B0D,塁,97DB
2C0D,涙,97DC
2D0D,累,97DD
2E0D,類,97DE
2F0D,令,97DF
300D,伶,97E0
310D,例,97E1
320D,冷,97E2
330D,励,97E3
340D,嶺,97E4
350D,怜,97E5
360D,玲,97E6
370D,礼,97E7
380D,苓,97E8
390D,鈴,97E9
3A0D,隷,97EA
3B0D,零,97EB
3C0D,霊,97EC
3D0D,麗,97ED
3E0D,齢,97EE
3F0D,暦,97EF
400D,歴,97F0
410D,列,97F1
420D,劣,97F2
430D,烈,97F3
440D,裂,97F4
450D,廉,97F5
460D,恋,97F6
470D,憐,97F7
480D,漣,97F8
490D,煉,97F9
4A0D,簾,97FA
4B0D,練,97FB
4C0D,聯,97FC
4D0D,蓮,9840
4E0D,連,9841
4F0D,錬,9842
500D,呂,9843
510D,魯,9844
520D,櫓,9845
530D,炉,9846
540D,賂,9847
550D,路,9848
560D,露,9849
570D,労,984A
580D,婁,984B
590D,廊,984C
5A0D,弄,984D
5B0D,朗,984E
5C0D,楼,984F
5D0D,榔,9850
5E0D,浪,9851
5F0D,漏,9852
600D,牢,9853
610D,狼,9854
620D,篭,9855
630D,老,9856
640D,聾,9857
650D,蝋,9858
660D,郎,9859
670D,六,985A
680D,麓,985B
690D,禄,985C
6A0D,肋,985D
6B0D,録,985E
6C0D,論,985F
6D0D,倭,9860
6E0D,和,9861
6F0D,話,9862
700D,歪,9863
710D,賄,9864
720D,脇,9865
730D,惑,9866
740D,枠,9867
750D,鷲,9868
760D,亙,9869
770D,亘,986A
780D,鰐,986B
790D,詫,986C
7A0D,藁,986D
7B0D,蕨,986E
7C0D,椀,986F
7D0D,湾,9870
7E0D,碗,9871
7F0D,腕,9872
800D,—,
810D,憑,
820D,剎,
830D,嗅,
840D,櫃,
850D,埒,
860D,饅,
870D,栞,
880D,躙,
890D,檻,
8A0D,璧,
8B0D,淹,
8C0D,埒,
8D0D,滓,
8E0D,滲,
8F0D,痒,
900D,懺,
910D,廭,
920D,贄,
930D,駢,
940D,睨,
950D,碌,
960D,笊,
970D,逅,
980D,罠,
990D,瞞,
9A0D,舐,
9B0D,藉,
9C0D,嗜,
9D0D,蜃,
9E0D,拗,
9F0D,贅,
A00D,綺,
A10D,蹂,
A20D,躊,
A30D,躇,
A40D,咆,
A50D,軋,
A60D,曖,
A70D,邂,
A80D,奢,
A90D,闊,
AA0D,磔,
AB0D,,
AC0D,,
AD0D,,
AE0D,,
AF0D,,
B00D,,
B10D,,
B20D,,
B30D,,
B40D,,
B50D,,
B60D,,
B70D,,
B80D,,
B90D,,
BA0D,,
BB0D,,
BC0D,,
BD0D,,
BE0D,,
BF0D,,
C00D,,
C10D,,
C20D,,
C30D,,
C40D,,
C50D,,
C60D,,
C70D,,
C80D,,
C90D,,
CA0D,,
CB0D,,
CC0D,,
CD0D,,
CE0D,,
CF0D,,
D00D,,
D10D,,
D20D,,
D30D,,
D40D,,
D50D,,
D60D,,
D70D,,
D80D,,
D90D,,
DA0D,,
DB0D,,
DC0D,,
DD0D,,
DE0D,,
DF0D,,
E00D,,
E10D,,
E20D,,
E30D,,
E40D,,
E50D,,
E60D,,
E70D,,
E80D,,
E90D,,
EA0D,,
EB0D,,
EC0D,,
ED0D,,
EE0D,,
EF0D,,
F00D,,
F10D,,
F20D,,
F30D,,
